BEVOEGD GEZAG NUMMER;SOORT INSTELLING;BRIN NUMMER ACTUEEL;INSTELLINGSNAAM ACTUEEL;PLAATSNAAM;PROVINCIE;GEMEENTENUMMER;GEMEENTENAAM;CROHO ONDERDEEL;VOLTIJD ONDERWIJS;DEELTIJD ONDERWIJS;DUAAL ONDERWIJS;TOTAAL
24832;reguliere inst.;14NI;Codarts, Hogeschool voor de Kunsten;ROTTERDAM;Zuid-Holland;0599;Rotterdam;onderwijs;165;9;0;174
24832;reguliere inst.;14NI;Codarts, Hogeschool voor de Kunsten;ROTTERDAM;Zuid-Holland;0599;Rotterdam;taal en cultuur;809;47;0;856
28901;reguliere inst.;00MF;Hogeschool voor de Kunsten Utrecht;UTRECHT;Utrecht;0344;Utrecht;economie;688;0;0;688
28901;reguliere inst.;00MF;Hogeschool voor de Kunsten Utrecht;UTRECHT;Utrecht;0344;Utrecht;onderwijs;290;87;0;377
28901;reguliere inst.;00MF;Hogeschool voor de Kunsten Utrecht;UTRECHT;Utrecht;0344;Utrecht;sectoroverstijgend;15;31;0;46
28901;reguliere inst.;00MF;Hogeschool voor de Kunsten Utrecht;UTRECHT;Utrecht;0344;Utrecht;taal en cultuur;2546;0;0;2546
28901;reguliere inst.;00MF;Hogeschool voor de Kunsten Utrecht;UTRECHT;Utrecht;0344;Utrecht;techniek;554;0;0;554
29615;reguliere inst.;02BY;Gerrit Rietveld Academie;AMSTERDAM;Noord-Holland;0363;Amsterdam;taal en cultuur;783;91;0;874
30041;reguliere inst.;00IC;Katholieke PABO Zwolle;ZWOLLE;Overijssel;0193;Zwolle;onderwijs;545;445;0;990
30156;reguliere inst.;31FR;NHL Stenden Hogeschool;LEEUWARDEN;Drenthe;0106;Assen;onderwijs;100;63;0;163
30156;reguliere inst.;31FR;NHL Stenden Hogeschool;LEEUWARDEN;Drenthe;0114;Emmen;economie;804;0;39;843
30156;reguliere inst.;31FR;NHL Stenden Hogeschool;LEEUWARDEN;Drenthe;0114;Emmen;gedrag en maatschappij;31;17;0;48
30156;reguliere inst.;31FR;NHL Stenden Hogeschool;LEEUWARDEN;Drenthe;0114;Emmen;onderwijs;303;0;0;303
30156;reguliere inst.;31FR;NHL Stenden Hogeschool;LEEUWARDEN;Drenthe;0114;Emmen;techniek;507;0;13;520
30156;reguliere inst.;31FR;NHL Stenden Hogeschool;LEEUWARDEN;Drenthe;0119;Meppel;onderwijs;490;0;0;490
30156;reguliere inst.;31FR;NHL Stenden Hogeschool;LEEUWARDEN;Friesland;0080;Leeuwarden;economie;9725;261;664;10650
30156;reguliere inst.;31FR;NHL Stenden Hogeschool;LEEUWARDEN;Friesland;0080;Leeuwarden;gedrag en maatschappij;1844;328;0;2172
30156;reguliere inst.;31FR;NHL Stenden Hogeschool;LEEUWARDEN;Friesland;0080;Leeuwarden;gezondheidszorg;721;369;0;1090
30156;reguliere inst.;31FR;NHL Stenden Hogeschool;LEEUWARDEN;Friesland;0080;Leeuwarden;onderwijs;2121;1271;0;3392
30156;reguliere inst.;31FR;NHL Stenden Hogeschool;LEEUWARDEN;Friesland;0080;Leeuwarden;sectoroverstijgend;32;39;0;71
30156;reguliere inst.;31FR;NHL Stenden Hogeschool;LEEUWARDEN;Friesland;0080;Leeuwarden;techniek;2790;160;14;2964
30156;reguliere inst.;31FR;NHL Stenden Hogeschool;LEEUWARDEN;Friesland;0093;Terschelling;techniek;418;45;0;463
30156;reguliere inst.;31FR;NHL Stenden Hogeschool;LEEUWARDEN;Groningen;0014;Groningen;gedrag en maatschappij;0;38;0;38
30156;reguliere inst.;31FR;NHL Stenden Hogeschool;LEEUWARDEN;Groningen;0014;Groningen;onderwijs;557;330;0;887
30156;reguliere inst.;31FR;NHL Stenden Hogeschool;LEEUWARDEN;Noord-Holland;0363;Amsterdam;economie;0;0;128;128
30156;reguliere inst.;31FR;NHL Stenden Hogeschool;LEEUWARDEN;Overijssel;0193;Zwolle;gedrag en maatschappij;0;29;0;29
30163;reguliere inst.;21RI;Hogeschool Leiden;LEIDEN;Zuid-Holland;0546;Leiden;economie;3378;15;0;3393
30163;reguliere inst.;21RI;Hogeschool Leiden;LEIDEN;Zuid-Holland;0546;Leiden;gedrag en maatschappij;2115;33;36;2184
30163;reguliere inst.;21RI;Hogeschool Leiden;LEIDEN;Zuid-Holland;0546;Leiden;gezondheidszorg;1708;9;592;2309
30163;reguliere inst.;21RI;Hogeschool Leiden;LEIDEN;Zuid-Holland;0546;Leiden;onderwijs;1316;572;0;1888
30163;reguliere inst.;21RI;Hogeschool Leiden;LEIDEN;Zuid-Holland;0546;Leiden;techniek;2608;0;0;2608
30183;reguliere inst.;07GR;Avans Hogeschool;TILBURG;Noord-Brabant;0758;Breda;economie;5527;1399;152;7078
30183;reguliere inst.;07GR;Avans Hogeschool;TILBURG;Noord-Brabant;0758;Breda;gedrag en maatschappij;1043;314;0;1357
30183;reguliere inst.;07GR;Avans Hogeschool;TILBURG;Noord-Brabant;0758;Breda;gezondheidszorg;1455;539;61;2055
30183;reguliere inst.;07GR;Avans Hogeschool;TILBURG;Noord-Brabant;0758;Breda;onderwijs;508;132;0;640
30183;reguliere inst.;07GR;Avans Hogeschool;TILBURG;Noord-Brabant;0758;Breda;taal en cultuur;650;0;0;650
30183;reguliere inst.;07GR;Avans Hogeschool;TILBURG;Noord-Brabant;0758;Breda;techniek;3925;556;47;4528
30183;reguliere inst.;07GR;Avans Hogeschool;TILBURG;Noord-Brabant;0796;'s-Hertogenbosch;economie;8079;820;279;9178
30183;reguliere inst.;07GR;Avans Hogeschool;TILBURG;Noord-Brabant;0796;'s-Hertogenbosch;gedrag en maatschappij;1316;277;0;1593
30183;reguliere inst.;07GR;Avans Hogeschool;TILBURG;Noord-Brabant;0796;'s-Hertogenbosch;gezondheidszorg;863;173;32;1068
30183;reguliere inst.;07GR;Avans Hogeschool;TILBURG;Noord-Brabant;0796;'s-Hertogenbosch;taal en cultuur;436;0;0;436
30183;reguliere inst.;07GR;Avans Hogeschool;TILBURG;Noord-Brabant;0796;'s-Hertogenbosch;techniek;4227;0;0;4227
30183;reguliere inst.;07GR;Avans Hogeschool;TILBURG;Noord-Brabant;0855;Tilburg;techniek;1089;143;161;1393
30183;reguliere inst.;07GR;Avans Hogeschool;TILBURG;Noord-Brabant;1674;Roosendaal;economie;236;0;0;236
30183;reguliere inst.;07GR;Avans Hogeschool;TILBURG;Noord-Brabant;1674;Roosendaal;techniek;130;0;0;130
30205;reguliere inst.;22HH;Hogeschool Viaa;ZWOLLE;Overijssel;0193;Zwolle;gedrag en maatschappij;424;136;0;560
30205;reguliere inst.;22HH;Hogeschool Viaa;ZWOLLE;Overijssel;0193;Zwolle;gezondheidszorg;571;150;5;726
30205;reguliere inst.;22HH;Hogeschool Viaa;ZWOLLE;Overijssel;0193;Zwolle;onderwijs;439;161;0;600
30246;reguliere inst.;21MI;HZ University of Applied Sciences;VLISSINGEN;Noord-Brabant;1674;Roosendaal;economie;90;0;0;90
30246;reguliere inst.;21MI;HZ University of Applied Sciences;VLISSINGEN;Noord-Brabant;1674;Roosendaal;gedrag en maatschappij;116;0;0;116
30246;reguliere inst.;21MI;HZ University of Applied Sciences;VLISSINGEN;Noord-Brabant;1674;Roosendaal;techniek;88;0;0;88
30246;reguliere inst.;21MI;HZ University of Applied Sciences;VLISSINGEN;Zeeland;0687;Middelburg;techniek;861;0;0;861
30246;reguliere inst.;21MI;HZ University of Applied Sciences;VLISSINGEN;Zeeland;0718;Vlissingen;economie;1134;66;0;1200
30246;reguliere inst.;21MI;HZ University of Applied Sciences;VLISSINGEN;Zeeland;0718;Vlissingen;gedrag en maatschappij;773;224;12;1009
30246;reguliere inst.;21MI;HZ University of Applied Sciences;VLISSINGEN;Zeeland;0718;Vlissingen;gezondheidszorg;433;83;65;581
30246;reguliere inst.;21MI;HZ University of Applied Sciences;VLISSINGEN;Zeeland;0718;Vlissingen;onderwijs;345;0;0;345
30246;reguliere inst.;21MI;HZ University of Applied Sciences;VLISSINGEN;Zeeland;0718;Vlissingen;techniek;713;70;1;784
30274;reguliere inst.;21QA;Amsterdamse Hogeschool voor de Kunsten;AMSTERDAM;Noord-Holland;0363;Amsterdam;onderwijs;383;86;0;469
30274;reguliere inst.;21QA;Amsterdamse Hogeschool voor de Kunsten;AMSTERDAM;Noord-Holland;0363;Amsterdam;taal en cultuur;2393;313;0;2706
30299;reguliere inst.;22OJ;Hogeschool Rotterdam;ROTTERDAM;Zuid-Holland;0599;Rotterdam;economie;15955;932;95;16982
30299;reguliere inst.;22OJ;Hogeschool Rotterdam;ROTTERDAM;Zuid-Holland;0599;Rotterdam;gedrag en maatschappij;2374;606;0;2980
30299;reguliere inst.;22OJ;Hogeschool Rotterdam;ROTTERDAM;Zuid-Holland;0599;Rotterdam;gezondheidszorg;3432;395;488;4315
30299;reguliere inst.;22OJ;Hogeschool Rotterdam;ROTTERDAM;Zuid-Holland;0599;Rotterdam;onderwijs;3196;1506;0;4702
30299;reguliere inst.;22OJ;Hogeschool Rotterdam;ROTTERDAM;Zuid-Holland;0599;Rotterdam;taal en cultuur;1943;208;0;2151
30299;reguliere inst.;22OJ;Hogeschool Rotterdam;ROTTERDAM;Zuid-Holland;0599;Rotterdam;techniek;8621;741;64;9426
30327;reguliere inst.;21UG;Hogeschool IPABO Amsterdam Alkmaar;AMSTERDAM;Noord-Holland;0361;Alkmaar;onderwijs;372;43;0;415
30327;reguliere inst.;21UG;Hogeschool IPABO Amsterdam Alkmaar;AMSTERDAM;Noord-Holland;0363;Amsterdam;onderwijs;514;285;0;799
30332;reguliere inst.;21UI;Breda University of Applied Sciences;BREDA;Noord-Brabant;0758;Breda;economie;5637;24;0;5661
30332;reguliere inst.;21UI;Breda University of Applied Sciences;BREDA;Noord-Brabant;0758;Breda;techniek;1372;0;0;1372
30332;reguliere inst.;21UI;Breda University of Applied Sciences;BREDA;Noord-Holland;0402;Hilversum;economie;0;14;0;14
30780;reguliere inst.;23AH;Saxion Hogeschool;ENSCHEDE;Gelderland;0200;Apeldoorn;economie;958;58;0;1016
30780;reguliere inst.;23AH;Saxion Hogeschool;ENSCHEDE;Overijssel;0150;Deventer;economie;3573;483;0;4056
30780;reguliere inst.;23AH;Saxion Hogeschool;ENSCHEDE;Overijssel;0150;Deventer;gedrag en maatschappij;1397;155;0;1552
30780;reguliere inst.;23AH;Saxion Hogeschool;ENSCHEDE;Overijssel;0150;Deventer;gezondheidszorg;627;47;161;835
30780;reguliere inst.;23AH;Saxion Hogeschool;ENSCHEDE;Overijssel;0150;Deventer;onderwijs;380;307;0;687
30780;reguliere inst.;23AH;Saxion Hogeschool;ENSCHEDE;Overijssel;0150;Deventer;techniek;1699;53;0;1752
30780;reguliere inst.;23AH;Saxion Hogeschool;ENSCHEDE;Overijssel;0153;Enschede;economie;6226;310;0;6536
30780;reguliere inst.;23AH;Saxion Hogeschool;ENSCHEDE;Overijssel;0153;Enschede;gedrag en maatschappij;1371;927;0;2298
30780;reguliere inst.;23AH;Saxion Hogeschool;ENSCHEDE;Overijssel;0153;Enschede;gezondheidszorg;2338;149;333;2820
30780;reguliere inst.;23AH;Saxion Hogeschool;ENSCHEDE;Overijssel;0153;Enschede;onderwijs;566;106;0;672
30780;reguliere inst.;23AH;Saxion Hogeschool;ENSCHEDE;Overijssel;0153;Enschede;techniek;5491;253;0;5744
30923;reguliere inst.;23KJ;Hogeschool der Kunsten Den Haag;'S-GRAVENHAGE;Zuid-Holland;0518;'s-Gravenhage;onderwijs;44;0;0;44
30923;reguliere inst.;23KJ;Hogeschool der Kunsten Den Haag;'S-GRAVENHAGE;Zuid-Holland;0518;'s-Gravenhage;taal en cultuur;1546;54;0;1600
40169;reguliere inst.;25BE;Hanzehogeschool Groningen;GRONINGEN;Drenthe;0106;Assen;techniek;83;0;0;83
40169;reguliere inst.;25BE;Hanzehogeschool Groningen;GRONINGEN;Friesland;0080;Leeuwarden;taal en cultuur;221;0;0;221
40169;reguliere inst.;25BE;Hanzehogeschool Groningen;GRONINGEN;Groningen;0014;Groningen;economie;10837;724;160;11721
40169;reguliere inst.;25BE;Hanzehogeschool Groningen;GRONINGEN;Groningen;0014;Groningen;gedrag en maatschappij;3234;497;0;3731
40169;reguliere inst.;25BE;Hanzehogeschool Groningen;GRONINGEN;Groningen;0014;Groningen;gezondheidszorg;4371;317;784;5472
40169;reguliere inst.;25BE;Hanzehogeschool Groningen;GRONINGEN;Groningen;0014;Groningen;onderwijs;1951;105;0;2056
40169;reguliere inst.;25BE;Hanzehogeschool Groningen;GRONINGEN;Groningen;0014;Groningen;sectoroverstijgend;42;0;0;42
40169;reguliere inst.;25BE;Hanzehogeschool Groningen;GRONINGEN;Groningen;0014;Groningen;taal en cultuur;916;59;0;975
40169;reguliere inst.;25BE;Hanzehogeschool Groningen;GRONINGEN;Groningen;0014;Groningen;techniek;5915;416;0;6331
40169;reguliere inst.;25BE;Hanzehogeschool Groningen;GRONINGEN;Noord-Holland;0363;Amsterdam;onderwijs;35;0;0;35
40169;reguliere inst.;25BE;Hanzehogeschool Groningen;GRONINGEN;Noord-Holland;0363;Amsterdam;taal en cultuur;73;0;0;73
40205;reguliere inst.;21CW;HAS Hogeschool;'S-HERTOGENBOSCH;Limburg;0983;Venlo;landbouw en natuurlijke omgeving;545;0;0;545
40205;reguliere inst.;21CW;HAS Hogeschool;'S-HERTOGENBOSCH;Noord-Brabant;0796;'s-Hertogenbosch;landbouw en natuurlijke omgeving;3272;0;0;3272
40235;reguliere inst.;25BA;Christelijke Hogeschool Ede;EDE GLD;Gelderland;0228;Ede;economie;1152;155;0;1307
40235;reguliere inst.;25BA;Christelijke Hogeschool Ede;EDE GLD;Gelderland;0228;Ede;gedrag en maatschappij;855;586;74;1515
40235;reguliere inst.;25BA;Christelijke Hogeschool Ede;EDE GLD;Gelderland;0228;Ede;gezondheidszorg;669;265;258;1192
40235;reguliere inst.;25BA;Christelijke Hogeschool Ede;EDE GLD;Gelderland;0228;Ede;onderwijs;428;251;84;763
40235;reguliere inst.;25BA;Christelijke Hogeschool Ede;EDE GLD;Gelderland;0228;Ede;techniek;124;20;0;144
40235;reguliere inst.;25BA;Christelijke Hogeschool Ede;EDE GLD;Zuid-Holland;0505;Dordrecht;gedrag en maatschappij;0;0;162;162
40331;reguliere inst.;28DN;Hogeschool van Amsterdam;AMSTERDAM;Noord-Holland;0363;Amsterdam;economie;17909;1623;15;19547
40331;reguliere inst.;28DN;Hogeschool van Amsterdam;AMSTERDAM;Noord-Holland;0363;Amsterdam;gedrag en maatschappij;5421;716;98;6235
40331;reguliere inst.;28DN;Hogeschool van Amsterdam;AMSTERDAM;Noord-Holland;0363;Amsterdam;gezondheidszorg;4243;0;300;4543
40331;reguliere inst.;28DN;Hogeschool van Amsterdam;AMSTERDAM;Noord-Holland;0363;Amsterdam;onderwijs;3719;1680;0;5399
40331;reguliere inst.;28DN;Hogeschool van Amsterdam;AMSTERDAM;Noord-Holland;0363;Amsterdam;sectoroverstijgend;49;0;0;49
40331;reguliere inst.;28DN;Hogeschool van Amsterdam;AMSTERDAM;Noord-Holland;0363;Amsterdam;techniek;11785;544;0;12329
40516;reguliere inst.;25DW;Hogeschool Utrecht;UTRECHT;Noord-Holland;0363;Amsterdam;onderwijs;0;90;0;90
40516;reguliere inst.;25DW;Hogeschool Utrecht;UTRECHT;Utrecht;0307;Amersfoort;economie;765;44;0;809
40516;reguliere inst.;25DW;Hogeschool Utrecht;UTRECHT;Utrecht;0307;Amersfoort;gedrag en maatschappij;889;402;0;1291
40516;reguliere inst.;25DW;Hogeschool Utrecht;UTRECHT;Utrecht;0307;Amersfoort;gezondheidszorg;210;111;0;321
40516;reguliere inst.;25DW;Hogeschool Utrecht;UTRECHT;Utrecht;0307;Amersfoort;onderwijs;139;0;0;139
40516;reguliere inst.;25DW;Hogeschool Utrecht;UTRECHT;Utrecht;0307;Amersfoort;techniek;168;0;0;168
40516;reguliere inst.;25DW;Hogeschool Utrecht;UTRECHT;Utrecht;0344;Utrecht;economie;10476;962;110;11548
40516;reguliere inst.;25DW;Hogeschool Utrecht;UTRECHT;Utrecht;0344;Utrecht;gedrag en maatschappij;1565;360;0;1925
40516;reguliere inst.;25DW;Hogeschool Utrecht;UTRECHT;Utrecht;0344;Utrecht;gezondheidszorg;4991;999;762;6752
40516;reguliere inst.;25DW;Hogeschool Utrecht;UTRECHT;Utrecht;0344;Utrecht;onderwijs;2528;2685;0;5213
40516;reguliere inst.;25DW;Hogeschool Utrecht;UTRECHT;Utrecht;0344;Utrecht;sectoroverstijgend;55;0;0;55
40516;reguliere inst.;25DW;Hogeschool Utrecht;UTRECHT;Utrecht;0344;Utrecht;techniek;6272;702;179;7153
40516;reguliere inst.;25DW;Hogeschool Utrecht;UTRECHT;Zuid-Holland;0518;'s-Gravenhage;onderwijs;0;60;0;60
40516;reguliere inst.;25DW;Hogeschool Utrecht;UTRECHT;Zuid-Holland;0599;Rotterdam;onderwijs;0;92;0;92
40555;reguliere inst.;30GB;Fontys Hogescholen;EINDHOVEN;Gelderland;0268;Nijmegen;onderwijs;8;71;0;79
40555;reguliere inst.;30GB;Fontys Hogescholen;EINDHOVEN;Limburg;0983;Venlo;economie;2702;4;0;2706
40555;reguliere inst.;30GB;Fontys Hogescholen;EINDHOVEN;Limburg;0983;Venlo;onderwijs;80;26;0;106
40555;reguliere inst.;30GB;Fontys Hogescholen;EINDHOVEN;Limburg;0983;Venlo;techniek;974;37;0;1011
40555;reguliere inst.;30GB;Fontys Hogescholen;EINDHOVEN;Limburg;1883;Sittard-Geleen;gedrag en maatschappij;426;137;0;563
40555;reguliere inst.;30GB;Fontys Hogescholen;EINDHOVEN;Limburg;1883;Sittard-Geleen;onderwijs;774;475;0;1249
40555;reguliere inst.;30GB;Fontys Hogescholen;EINDHOVEN;Noord-Brabant;0748;Bergen op Zoom;onderwijs;0;98;0;98
40555;reguliere inst.;30GB;Fontys Hogescholen;EINDHOVEN;Noord-Brabant;0772;Eindhoven;economie;5258;508;75;5841
40555;reguliere inst.;30GB;Fontys Hogescholen;EINDHOVEN;Noord-Brabant;0772;Eindhoven;gedrag en maatschappij;3838;331;0;4169
40555;reguliere inst.;30GB;Fontys Hogescholen;EINDHOVEN;Noord-Brabant;0772;Eindhoven;gezondheidszorg;3572;329;524;4425
40555;reguliere inst.;30GB;Fontys Hogescholen;EINDHOVEN;Noord-Brabant;0772;Eindhoven;onderwijs;1017;649;0;1666
40555;reguliere inst.;30GB;Fontys Hogescholen;EINDHOVEN;Noord-Brabant;0772;Eindhoven;techniek;7672;933;1;8606
40555;reguliere inst.;30GB;Fontys Hogescholen;EINDHOVEN;Noord-Brabant;0796;'s-Hertogenbosch;gedrag en maatschappij;301;108;0;409
40555;reguliere inst.;30GB;Fontys Hogescholen;EINDHOVEN;Noord-Brabant;0796;'s-Hertogenbosch;onderwijs;308;78;0;386
40555;reguliere inst.;30GB;Fontys Hogescholen;EINDHOVEN;Noord-Brabant;0855;Tilburg;economie;5777;304;0;6081
40555;reguliere inst.;30GB;Fontys Hogescholen;EINDHOVEN;Noord-Brabant;0855;Tilburg;gedrag en maatschappij;503;450;0;953
40555;reguliere inst.;30GB;Fontys Hogescholen;EINDHOVEN;Noord-Brabant;0855;Tilburg;gezondheidszorg;291;0;126;417
40555;reguliere inst.;30GB;Fontys Hogescholen;EINDHOVEN;Noord-Brabant;0855;Tilburg;onderwijs;2255;2426;8;4689
40555;reguliere inst.;30GB;Fontys Hogescholen;EINDHOVEN;Noord-Brabant;0855;Tilburg;taal en cultuur;854;92;0;946
40555;reguliere inst.;30GB;Fontys Hogescholen;EINDHOVEN;Noord-Brabant;0855;Tilburg;techniek;892;0;0;892
40555;reguliere inst.;30GB;Fontys Hogescholen;EINDHOVEN;Noord-Brabant;1948;Meierijstad;onderwijs;105;0;0;105
40555;reguliere inst.;30GB;Fontys Hogescholen;EINDHOVEN;Utrecht;0344;Utrecht;gedrag en maatschappij;46;58;0;104
40555;reguliere inst.;30GB;Fontys Hogescholen;EINDHOVEN;Utrecht;0344;Utrecht;onderwijs;14;82;0;96
40555;reguliere inst.;30GB;Fontys Hogescholen;EINDHOVEN;Zuid-Holland;0599;Rotterdam;onderwijs;5;76;0;81
40687;reguliere inst.;30TX;Aeres Hogeschool;EDE GLD;Flevoland;0034;Almere;landbouw en natuurlijke omgeving;667;0;0;667
40687;reguliere inst.;30TX;Aeres Hogeschool;EDE GLD;Flevoland;0303;Dronten;landbouw en natuurlijke omgeving;2276;156;16;2448
40687;reguliere inst.;30TX;Aeres Hogeschool;EDE GLD;Gelderland;0289;Wageningen;landbouw en natuurlijke omgeving;336;271;0;607
40687;reguliere inst.;30TX;Aeres Hogeschool;EDE GLD;Gelderland;0289;Wageningen;onderwijs;23;96;0;119
40781;reguliere inst.;15BK;Driestar educatief;GOUDA;Zuid-Holland;0513;Gouda;gedrag en maatschappij;0;211;0;211
40781;reguliere inst.;15BK;Driestar educatief;GOUDA;Zuid-Holland;0513;Gouda;onderwijs;778;291;221;1290
41128;reguliere inst.;25JX;Zuyd Hogeschool;HEERLEN;Limburg;0917;Heerlen;economie;681;51;0;732
41128;reguliere inst.;25JX;Zuyd Hogeschool;HEERLEN;Limburg;0917;Heerlen;gedrag en maatschappij;129;0;0;129
41128;reguliere inst.;25JX;Zuyd Hogeschool;HEERLEN;Limburg;0917;Heerlen;gezondheidszorg;2058;271;238;2567
41128;reguliere inst.;25JX;Zuyd Hogeschool;HEERLEN;Limburg;0917;Heerlen;techniek;2343;113;0;2456
41128;reguliere inst.;25JX;Zuyd Hogeschool;HEERLEN;Limburg;0935;Maastricht;economie;2853;0;0;2853
41128;reguliere inst.;25JX;Zuyd Hogeschool;HEERLEN;Limburg;0935;Maastricht;gezondheidszorg;256;0;0;256
41128;reguliere inst.;25JX;Zuyd Hogeschool;HEERLEN;Limburg;0935;Maastricht;onderwijs;147;33;0;180
41128;reguliere inst.;25JX;Zuyd Hogeschool;HEERLEN;Limburg;0935;Maastricht;taal en cultuur;1369;0;35;1404
41128;reguliere inst.;25JX;Zuyd Hogeschool;HEERLEN;Limburg;0935;Maastricht;techniek;306;0;0;306
41128;reguliere inst.;25JX;Zuyd Hogeschool;HEERLEN;Limburg;1883;Sittard-Geleen;economie;2574;172;0;2746
41128;reguliere inst.;25JX;Zuyd Hogeschool;HEERLEN;Limburg;1883;Sittard-Geleen;gedrag en maatschappij;651;61;0;712
41128;reguliere inst.;25JX;Zuyd Hogeschool;HEERLEN;Limburg;1883;Sittard-Geleen;onderwijs;245;0;0;245
41292;reguliere inst.;27NF;ArtEZ;ARNHEM;Gelderland;0202;Arnhem;onderwijs;290;88;0;378
41292;reguliere inst.;27NF;ArtEZ;ARNHEM;Gelderland;0202;Arnhem;taal en cultuur;1098;81;0;1179
41292;reguliere inst.;27NF;ArtEZ;ARNHEM;Overijssel;0153;Enschede;onderwijs;56;0;0;56
41292;reguliere inst.;27NF;ArtEZ;ARNHEM;Overijssel;0153;Enschede;taal en cultuur;587;10;0;597
41292;reguliere inst.;27NF;ArtEZ;ARNHEM;Overijssel;0193;Zwolle;onderwijs;259;90;0;349
41292;reguliere inst.;27NF;ArtEZ;ARNHEM;Overijssel;0193;Zwolle;taal en cultuur;568;0;0;568
41344;reguliere inst.;30HD;Hogeschool Van Hall Larenstein;VELP GLD;Friesland;0080;Leeuwarden;landbouw en natuurlijke omgeving;2402;81;0;2483
41344;reguliere inst.;30HD;Hogeschool Van Hall Larenstein;VELP GLD;Gelderland;0275;Rheden;landbouw en natuurlijke omgeving;1727;293;0;2020
41350;reguliere inst.;27PZ;Hogeschool INHOLLAND;ROTTERDAM;Groningen;0014;Groningen;gezondheidszorg;158;0;0;158
41350;reguliere inst.;27PZ;Hogeschool INHOLLAND;ROTTERDAM;Noord-Holland;0361;Alkmaar;economie;1245;0;0;1245
41350;reguliere inst.;27PZ;Hogeschool INHOLLAND;ROTTERDAM;Noord-Holland;0361;Alkmaar;gedrag en maatschappij;499;163;0;662
41350;reguliere inst.;27PZ;Hogeschool INHOLLAND;ROTTERDAM;Noord-Holland;0361;Alkmaar;gezondheidszorg;313;139;10;462
41350;reguliere inst.;27PZ;Hogeschool INHOLLAND;ROTTERDAM;Noord-Holland;0361;Alkmaar;onderwijs;248;234;14;496
41350;reguliere inst.;27PZ;Hogeschool INHOLLAND;ROTTERDAM;Noord-Holland;0361;Alkmaar;techniek;1120;206;0;1326
41350;reguliere inst.;27PZ;Hogeschool INHOLLAND;ROTTERDAM;Noord-Holland;0363;Amsterdam;gedrag en maatschappij;1160;209;0;1369
41350;reguliere inst.;27PZ;Hogeschool INHOLLAND;ROTTERDAM;Noord-Holland;0363;Amsterdam;gezondheidszorg;1318;189;307;1814
41350;reguliere inst.;27PZ;Hogeschool INHOLLAND;ROTTERDAM;Noord-Holland;0363;Amsterdam;landbouw en natuurlijke omgeving;293;0;0;293
41350;reguliere inst.;27PZ;Hogeschool INHOLLAND;ROTTERDAM;Noord-Holland;0363;Amsterdam;techniek;559;0;0;559
41350;reguliere inst.;27PZ;Hogeschool INHOLLAND;ROTTERDAM;Noord-Holland;0384;Diemen;economie;3199;80;0;3279
41350;reguliere inst.;27PZ;Hogeschool INHOLLAND;ROTTERDAM;Noord-Holland;0384;Diemen;gezondheidszorg;0;44;0;44
41350;reguliere inst.;27PZ;Hogeschool INHOLLAND;ROTTERDAM;Noord-Holland;0384;Diemen;onderwijs;104;149;0;253
41350;reguliere inst.;27PZ;Hogeschool INHOLLAND;ROTTERDAM;Noord-Holland;0384;Diemen;techniek;132;23;0;155
41350;reguliere inst.;27PZ;Hogeschool INHOLLAND;ROTTERDAM;Noord-Holland;0392;Haarlem;economie;2274;0;0;2274
41350;reguliere inst.;27PZ;Hogeschool INHOLLAND;ROTTERDAM;Noord-Holland;0392;Haarlem;gedrag en maatschappij;724;119;0;843
41350;reguliere inst.;27PZ;Hogeschool INHOLLAND;ROTTERDAM;Noord-Holland;0392;Haarlem;gezondheidszorg;523;0;159;682
41350;reguliere inst.;27PZ;Hogeschool INHOLLAND;ROTTERDAM;Noord-Holland;0392;Haarlem;onderwijs;268;259;189;716
41350;reguliere inst.;27PZ;Hogeschool INHOLLAND;ROTTERDAM;Noord-Holland;0392;Haarlem;taal en cultuur;156;0;0;156
41350;reguliere inst.;27PZ;Hogeschool INHOLLAND;ROTTERDAM;Noord-Holland;0392;Haarlem;techniek;702;0;0;702
41350;reguliere inst.;27PZ;Hogeschool INHOLLAND;ROTTERDAM;Zuid-Holland;0503;Delft;landbouw en natuurlijke omgeving;642;29;0;671
41350;reguliere inst.;27PZ;Hogeschool INHOLLAND;ROTTERDAM;Zuid-Holland;0503;Delft;techniek;705;0;0;705
41350;reguliere inst.;27PZ;Hogeschool INHOLLAND;ROTTERDAM;Zuid-Holland;0505;Dordrecht;onderwijs;183;142;131;456
41350;reguliere inst.;27PZ;Hogeschool INHOLLAND;ROTTERDAM;Zuid-Holland;0518;'s-Gravenhage;economie;1597;5;0;1602
41350;reguliere inst.;27PZ;Hogeschool INHOLLAND;ROTTERDAM;Zuid-Holland;0518;'s-Gravenhage;gedrag en maatschappij;385;149;0;534
41350;reguliere inst.;27PZ;Hogeschool INHOLLAND;ROTTERDAM;Zuid-Holland;0518;'s-Gravenhage;onderwijs;154;517;60;731
41350;reguliere inst.;27PZ;Hogeschool INHOLLAND;ROTTERDAM;Zuid-Holland;0599;Rotterdam;economie;4633;269;0;4902
41350;reguliere inst.;27PZ;Hogeschool INHOLLAND;ROTTERDAM;Zuid-Holland;0599;Rotterdam;gedrag en maatschappij;704;130;0;834
41350;reguliere inst.;27PZ;Hogeschool INHOLLAND;ROTTERDAM;Zuid-Holland;0599;Rotterdam;onderwijs;191;75;209;475
41378;reguliere inst.;27UM;De Haagse Hogeschool;'S-GRAVENHAGE;Zuid-Holland;0503;Delft;techniek;2508;0;164;2672
41378;reguliere inst.;27UM;De Haagse Hogeschool;'S-GRAVENHAGE;Zuid-Holland;0518;'s-Gravenhage;economie;9944;819;1828;12591
41378;reguliere inst.;27UM;De Haagse Hogeschool;'S-GRAVENHAGE;Zuid-Holland;0518;'s-Gravenhage;gedrag en maatschappij;2310;170;126;2606
41378;reguliere inst.;27UM;De Haagse Hogeschool;'S-GRAVENHAGE;Zuid-Holland;0518;'s-Gravenhage;gezondheidszorg;1678;322;315;2315
41378;reguliere inst.;27UM;De Haagse Hogeschool;'S-GRAVENHAGE;Zuid-Holland;0518;'s-Gravenhage;onderwijs;1232;140;0;1372
41378;reguliere inst.;27UM;De Haagse Hogeschool;'S-GRAVENHAGE;Zuid-Holland;0518;'s-Gravenhage;techniek;3841;147;0;3988
41378;reguliere inst.;27UM;De Haagse Hogeschool;'S-GRAVENHAGE;Zuid-Holland;0637;Zoetermeer;techniek;557;0;0;557
41618;reguliere inst.;09OT;Iselinge Hogeschool;DOETINCHEM;Gelderland;0222;Doetinchem;gedrag en maatschappij;0;77;0;77
41618;reguliere inst.;09OT;Iselinge Hogeschool;DOETINCHEM;Gelderland;0222;Doetinchem;onderwijs;378;75;0;453
42609;reguliere inst.;01VU;Christelijke Hogeschool Windesheim;ZWOLLE;Flevoland;0034;Almere;economie;2018;0;0;2018
42609;reguliere inst.;01VU;Christelijke Hogeschool Windesheim;ZWOLLE;Flevoland;0034;Almere;gedrag en maatschappij;517;155;0;672
42609;reguliere inst.;01VU;Christelijke Hogeschool Windesheim;ZWOLLE;Flevoland;0034;Almere;gezondheidszorg;402;99;0;501
42609;reguliere inst.;01VU;Christelijke Hogeschool Windesheim;ZWOLLE;Flevoland;0034;Almere;onderwijs;190;226;0;416
42609;reguliere inst.;01VU;Christelijke Hogeschool Windesheim;ZWOLLE;Flevoland;0034;Almere;techniek;1016;0;90;1106
42609;reguliere inst.;01VU;Christelijke Hogeschool Windesheim;ZWOLLE;Friesland;0080;Leeuwarden;onderwijs;0;3;0;3
42609;reguliere inst.;01VU;Christelijke Hogeschool Windesheim;ZWOLLE;Groningen;0014;Groningen;onderwijs;0;31;0;31
42609;reguliere inst.;01VU;Christelijke Hogeschool Windesheim;ZWOLLE;Overijssel;0153;Enschede;onderwijs;0;37;0;37
42609;reguliere inst.;01VU;Christelijke Hogeschool Windesheim;ZWOLLE;Overijssel;0193;Zwolle;economie;6420;231;57;6708
42609;reguliere inst.;01VU;Christelijke Hogeschool Windesheim;ZWOLLE;Overijssel;0193;Zwolle;gedrag en maatschappij;2404;778;49;3231
42609;reguliere inst.;01VU;Christelijke Hogeschool Windesheim;ZWOLLE;Overijssel;0193;Zwolle;gezondheidszorg;1774;583;0;2357
42609;reguliere inst.;01VU;Christelijke Hogeschool Windesheim;ZWOLLE;Overijssel;0193;Zwolle;onderwijs;3673;532;0;4205
42609;reguliere inst.;01VU;Christelijke Hogeschool Windesheim;ZWOLLE;Overijssel;0193;Zwolle;sectoroverstijgend;269;0;0;269
42609;reguliere inst.;01VU;Christelijke Hogeschool Windesheim;ZWOLLE;Overijssel;0193;Zwolle;techniek;4206;387;15;4608
42609;reguliere inst.;01VU;Christelijke Hogeschool Windesheim;ZWOLLE;Utrecht;0344;Utrecht;onderwijs;0;9;0;9
42664;reguliere inst.;30VP;Thomas More Hogeschool;ROTTERDAM;Zuid-Holland;0599;Rotterdam;onderwijs;611;223;0;834
50338;reguliere inst.;08OK;Pedagogische Hogeschool De Kempel;HELMOND;Noord-Brabant;0794;Helmond;onderwijs;802;129;0;931
60763;reguliere inst.;02NR;Hotelschool The Hague;'S-GRAVENHAGE;Noord-Holland;0363;Amsterdam;economie;1308;0;0;1308
60763;reguliere inst.;02NR;Hotelschool The Hague;'S-GRAVENHAGE;Zuid-Holland;0518;'s-Gravenhage;economie;1353;0;0;1353
60802;reguliere inst.;02NT;Design Academy Eindhoven;EINDHOVEN;Noord-Brabant;0772;Eindhoven;taal en cultuur;734;0;0;734
72230;reguliere inst.;10IZ;Marnix Academie;UTRECHT;Utrecht;0344;Utrecht;onderwijs;1086;574;0;1660
72243;reguliere inst.;25KB;Hogeschool van Arnhem en Nijmegen;ARNHEM;Gelderland;0202;Arnhem;economie;3238;704;475;4417
72243;reguliere inst.;25KB;Hogeschool van Arnhem en Nijmegen;ARNHEM;Gelderland;0202;Arnhem;onderwijs;358;0;0;358
72243;reguliere inst.;25KB;Hogeschool van Arnhem en Nijmegen;ARNHEM;Gelderland;0202;Arnhem;techniek;4738;1192;0;5930
72243;reguliere inst.;25KB;Hogeschool van Arnhem en Nijmegen;ARNHEM;Gelderland;0268;Nijmegen;economie;6553;39;2;6594
72243;reguliere inst.;25KB;Hogeschool van Arnhem en Nijmegen;ARNHEM;Gelderland;0268;Nijmegen;gedrag en maatschappij;5540;654;180;6374
72243;reguliere inst.;25KB;Hogeschool van Arnhem en Nijmegen;ARNHEM;Gelderland;0268;Nijmegen;gezondheidszorg;4554;933;392;5879
72243;reguliere inst.;25KB;Hogeschool van Arnhem en Nijmegen;ARNHEM;Gelderland;0268;Nijmegen;onderwijs;3596;1634;222;5452
72243;reguliere inst.;25KB;Hogeschool van Arnhem en Nijmegen;ARNHEM;Gelderland;0268;Nijmegen;techniek;1919;52;0;1971
